Sunday Service,,,,,,,
Date,Preacher,Title,Text,Big Idea,Special ,Sunday's notes,Announcements
8/3/2025,Chris,Purposeful Community,"Prov 17:17; 18:24; 25:20; 27:5-6, 9","Purposeful Community: True friendship means we are loyal to one another through pain and trials, we care for each other at a heart level, and we counsel each other even if it means rebuke","Communion (Chris), Neeli testimony, Philippines introduction",,
8/10/2025,Chris,Compassionate Evangelism,Eph 1:5-6; Matt 28:18–20; Rom 9:1–3  ,"Compassionate Evangelism: We evangelize because it glorifies God, it obeys the command of God, and because we love the lost like Jesus did",Children's sendoff,Membership 1,
8/17/2025,Chris,Small Groups: The Insufficiency of Small Group Leaders and the Call to Engage,Ephesians 4:11-16,"How small groups work: The leader shepherds, teaches, and equips. The members build each other up to maturity, speak truth in love, and follow Christ the Head.",Small Group Launch,Membership 2,
8/24/2025,Chris,Every Christian's Biography,Eph 2:1-10,"Every Christian's story is being dead in sin, resurrected to spiriutal life in Chirst, and then being given power to do good works.",Minimalist Service,Retreat Weekend,
8/31/2025,Chris,The Greatest Letter Ever Written,Romans Intro,"Romans overview: the book of Romans explains the Gospel, deepens our theology, helps us resist temptation, unifies different kinds of christians, and motivates toward evangelism",Communion (Rick),"Labor Day Weekend, coffee with our leaders",
9/7/2025,Chris,A Gospel-Centered Hello,Romans 1:1-7,"Paul can't help but bleed Gospel in his opening greeting. He explains that the Gospel is promised in the Old Testament, that Jesus is the long-awaited Davidic King and Son of God, and that the Gospel brings about faith and obedience.","Ministry Team intros (Part 1), STM presentation- Kyle on the why and 1 team member on prep, bake sale and pie in the face","Sunday lunch groups, Apprentice Training 1",Tyler Campbell
9/14/2025,Chris,This Changes Everything,Romans 1:8-15,"There is an unexpected joy in Gospel ministry: the ones you minister to end up ministering to you. There is mutual encouragement. Because Paul has been entrusted with such a great Gospel, he feels obligated to share it. He gets to share it, but he also must share it. He preaches the Gospel to even believers because it results in greater ""obedience of faith"" among the people already saved.",Ministry Team intros (Part 2),"Baptism Class, Apprentice Training 2",Chris Scharmen
9/21/2025,Keith Crosby,Expository Listening,Nehemiah 8:1-13,Expository Listening,"Kate Adams testimony, Victor and Courtney testimony, church picture","3-year anniversary, church lunch",Rick Maples
9/28/2025,Chris,Unashamed of the Gospel,Romans 1:16-17,We should be bold in sharing the Gospel because it is no ordinary message. In the Gospel is the power for eternal salvation. In it we learn how sinners can be right before God. It's simply through faith. Why would be ashamed of such an amazing message?,,prayer meeting for Philippines trip,Chris Scharmen
10/5/2025,Chris,How to Reject God,Romans 1:18-23,"God's wrath is poured out on sinful people, people who know God exists yet suppress this truth so that they can keep on sinning. God's existence is clearly perceived through creation, yet people refuse to honor or thank God and instead put themselves on the pedastal.","Communion (John Hannigan), Jonathan Yang lead music",Theo Class 1: Charismatic Thelogy,Chris Scharmen
10/12/2025,Chris,How to Get Rejected By God,Romans 1:24-25,"The wrath of God that is revealed from Heaven is not referring to eternal wrath, but temporal wrath where God gives sinners over to more, deeper, and darker sin. In our sin, we exchange truth for a lie.","RHOF, baptisms, Zach Chang lead music","Membership 1, Theo Class 2: Predestination",Rick Maples
10/19/2025,Chris,Forsaken But Not Forgotten,Romans 1:26-32,God gives people up to more sin if they refuse to repent. This giving up results in sexual immorality and ultimately a debased mind that does all kinds of evil and gives approval to others who do evil.,Children's Ministry + Families Lunch,"Membership 2, Theo Class 3: Complementarianism",Chris Scharmen
10/26/2025,Chris,"Hypocrisy, Thy Name Is...",Romans 2:1-5,"Like the Jews, people who grew up in church know the Law of God. Yet they are condemned because even though they know God's Law, they do not practice it. Growing up with the Law makes no difference. Only those who perfectly obey the Law will be accepted by God. God plays no favorites; He holds everyone to the standard of perfect righteousness.", Philippines trip testimony,Theo Class 4: Music,Tyler
11/2/2025,Chris,The Impartial and Inevitable Judge,Romans 2:6-16,"Hearing the Law is not enough; you must do the Law perfectly. Even those who have never heard the Law have the Law written on their hearts in their conscience. Our conscience shows us the standard of our Creator since He is the one who put it in our hearts, and when we violate our conscience, we reveal our rebellion against our Creator.",Communion (Chris),"Church Lunch, Theo Class 5: Evolution",Rick
11/9/2025,Chris,Good People Need the Gospel Too,Romans 2:17-29,Hypocrisy is seen when we who know the Law and even teach the Law to others do not obey it ourselves. We will always fall short of obeying the Law. Our only hope is an inward circumcision performed by the Spirit of God which wil result in obedience and a desire for approval from God instead of men.,At SVU,,
11/16/2025,Chris,God Under Attack,Romans 3:1-8,God is always faithful and always just. He is righteous to judge sinners.,parent dedication,,
11/23/2025,John Hannigan,,Romans 3:9-20,"Mankind is universally sinful, defiantly sinful, and comprehesively sinful. We are an unrighteous people in desperate need of a righteousness outside of ourselves to be gifted to us.",Communion (Elliot),Chris gone,
11/30/2025,Chris,And Now for the Good News,Romans 3:21-24,"God gifts us a perfect righteousness that we receive through faith, not the works of the Law. Because we have the righteousness of Christ, we are declared right God's sight. God is right to do this because all of our sins have been transferred to Christ.",Lyric Explanation: O Come O Come Emmanuel (Kyle),Thanksgiving weekend,
12/7/2025,Chris,"The Cast of Christmas: King Herod, the Religious Leaders, and the Wise Men",Matthew 2:1-12,"King Herod: worry. If Jesus is king, then I don't get to be king

The religoius leaders: apathy. They know the prophecies of Christ yet have no interst in finding Him.

The wise men: worship. They find the child and worship Him.","RHOF

Lyric Explanation: Hark the Herald (Chris)

Children's Min presentation",prayer meeting,
12/14/2025,Rick,The Cast of Christmas: Joseph,Matthew 1:18-25,Joseph was submissive to God's instructions.,Lyric Explanation: Hope of the Ages (Zach),,
12/21/2025,Chris,The Cast of Christmas: Simeon,Luke 2:25-35,Simeon shows that Jesus will be a divisive figure: some will believe in Him and others will reject Him.,Lyric Explanation: Joy to the World (Corbin),,
12/28/2025,Elliot,,Genesis 6-9,,,"Chris and Kyle out of town, Paul Brown leading music",